City_ID,City,Cloudiness,Country,Date,Humidity,Latitude,Longitude,Max Temp,Wind Speed
0,guangyuan,80,CN,1533595074,97,32.43,105.86,295.04,0.27
1,murgab,0,TM,1533592800,27,37.5,61.97,303.15,5.1
2,pringsewu,68,ID,1533595075,82,-5.36,104.98,295.69,1.32
3,busselton,12,AU,1533594881,100,-33.64,115.35,288.94,8.17
4,qaanaaq,48,GL,1533595075,83,77.48,-69.36,277.54,6.82
5,saldanha,24,PT,1533594980,43,41.42,-6.55,292.99,2.57
6,tiksi,0,RU,1533595022,79,71.64,128.87,281.84,6.32
7,niono,56,ML,1533595076,99,14.25,-5.99,296.99,1.42
8,mataura,68,NZ,1533594875,76,-46.19,168.86,278.74,2.27
9,nikolskoye,20,RU,1533592800,72,59.7,30.79,288.15,4.0
10,bilibino,12,RU,1533595076,52,68.06,166.44,287.89,1.42
11,dalbandin,0,PK,1533595076,27,28.9,64.41,293.69,1.12
12,upernavik,92,GL,1533595076,86,72.79,-56.15,278.84,13.07
13,nuuk,40,GL,1533592200,53,64.17,-51.74,284.15,7.7
14,punta arenas,75,CL,1533592800,100,-53.16,-70.91,274.15,4.1
15,nezhinka,0,RU,1533592800,55,51.77,55.37,292.15,1.32
16,gamba,76,CN,1533595077,100,28.28,88.52,274.54,1.17
17,hobart,40,AU,1533592800,70,-42.88,147.33,280.15,4.1
18,kodiak,1,US,1533592380,41,39.95,-94.76,307.15,3.42
19,airai,0,TL,1533595078,66,-8.93,125.41,295.34,0.87
20,bluff,48,AU,1533595078,21,-23.58,149.07,291.19,6.62
21,mar del plata,88,AR,1533594865,91,-46.43,-67.52,280.04,1.87
22,athabasca,76,CA,1533595078,61,54.72,-113.29,297.74,5.67
23,provideniya,90,RU,1533592800,81,64.42,-173.23,282.15,4.0
24,lorengau,92,PG,1533595078,100,-2.02,147.27,299.99,2.87
25,narsaq,0,GL,1533592200,51,60.91,-46.05,288.15,2.1
26,puerto ayora,75,EC,1533592800,65,-0.74,-90.35,298.15,7.7
27,chuy,0,UY,1533595079,83,-33.69,-53.46,282.59,3.42
28,aklavik,90,CA,1533592800,81,68.22,-135.01,283.15,3.6
29,salisbury,0,GB,1533594000,82,51.07,-1.8,295.15,2.6
30,vaini,100,IN,1533595079,99,15.34,74.49,293.79,4.02
31,rikitea,32,PF,1533594875,99,-23.12,-134.97,297.44,3.47
32,albany,20,US,1533592440,49,42.65,-73.75,306.15,4.6
33,hermanus,32,ZA,1533594874,95,-34.42,19.24,280.34,3.87
34,ribeira grande,0,PT,1533594963,100,38.52,-28.7,295.19,4.57
35,clyde river,20,CA,1533592800,61,70.47,-68.59,283.15,10.3
36,dodoma,0,TZ,1533592800,59,-6.18,35.75,292.15,3.6
37,ushuaia,75,AR,1533592800,100,-54.81,-68.31,274.15,4.1
38,port elizabeth,1,US,1533592560,62,39.31,-74.98,303.15,3.6
39,quelimane,0,MZ,1533592800,88,-17.88,36.89,297.15,4.1
40,lusambo,0,CD,1533595081,75,-4.97,23.44,295.39,0.82
41,zhezkazgan,64,KZ,1533595014,96,47.8,67.71,290.29,2.02
42,gander,75,CA,1533592800,77,48.95,-54.61,293.15,3.6
43,taywarah,0,AF,1533595082,40,33.35,64.42,289.04,4.62
44,izyum,88,UA,1533595082,77,49.21,37.25,293.79,1.37
45,pisco,0,PE,1533592800,77,-13.71,-76.2,291.15,6.7
46,batemans bay,0,AU,1533595082,72,-35.71,150.18,285.04,5.27
47,neuquen,75,AR,1533592800,58,-38.95,-68.06,285.15,2.1
48,barrow,88,AR,1533594908,50,-38.31,-60.23,289.09,7.77
49,santa marta de tormes,0,ES,1533592800,38,40.95,-5.63,297.15,0.5
50,tabas,0,IR,1533595083,30,33.6,56.92,299.24,2.67
51,wattegama,100,LK,1533595083,98,7.35,80.68,293.29,1.97
52,westport,76,IE,1533595083,96,53.8,-9.52,285.39,4.22
53,hilo,40,US,1533592560,66,19.71,-155.08,302.15,4.1
54,dikson,24,RU,1533594887,86,73.51,80.55,280.69,8.62
55,kottagudem,92,IN,1533595084,94,17.55,80.63,296.39,4.82
56,nanortalik,0,GL,1533594876,91,60.14,-45.24,278.84,3.97
57,geraldton,90,CA,1533592800,93,49.72,-86.95,285.15,2.1
58,east london,0,ZA,1533595084,100,-33.02,27.91,291.69,7.97
59,kirakira,0,SB,1533595021,100,-10.46,161.92,300.09,5.17
60,laguna,75,MX,1533591600,52,27.52,-110.01,306.15,3.6
61,rawson,92,AR,1533595085,49,-43.3,-65.11,288.64,6.77
62,san patricio,0,PY,1533594907,81,-26.98,-56.83,282.79,1.57
63,debre sina,64,ET,1533595085,95,9.85,39.76,284.44,0.37
64,souillac,0,FR,1533594600,50,45.6,-0.6,300.15,0.5
65,jingdezhen,0,CN,1533595085,86,29.29,117.2,302.84,1.92
66,ilulissat,75,GL,1533592200,65,69.22,-51.1,281.15,1.0
67,toora-khem,0,RU,1533595085,92,52.47,96.11,282.69,1.07
68,thompson,75,CA,1533592800,93,55.74,-97.86,290.15,3.6
69,constitucion,75,MX,1533591960,49,23.99,-104.67,294.15,3.6
70,esperance,20,TT,1533592800,74,10.24,-61.45,302.15,5.1
71,murgud,92,IN,1533595086,97,16.43,74.26,294.14,6.57
72,khatanga,0,RU,1533595086,93,71.98,102.47,282.19,3.97
73,saint-francois,0,FR,1533594600,53,46.42,3.91,298.15,2.52
74,naryan-mar,8,RU,1533595087,97,67.67,53.09,279.09,1.32
75,chilca,75,PE,1533592800,61,-13.22,-72.34,283.15,2.6
76,bredasdorp,12,ZA,1533592800,81,-34.53,20.04,283.15,3.6
77,atuona,76,PF,1533595090,100,-9.8,-139.03,299.04,7.92
78,cumra,0,TR,1533592200,47,37.57,32.77,297.15,8.2
79,turbat,24,PK,1533595091,94,26.0,63.05,297.59,0.97
80,port alfred,0,ZA,1533595091,90,-33.59,26.89,287.99,5.97
81,arlit,8,NE,1533595035,55,18.74,7.39,301.64,3.02
82,palanga,8,RO,1533595091,78,44.45,25.08,294.19,1.32
83,tuktoyaktuk,90,CA,1533592800,87,69.44,-133.03,279.15,3.6
84,cidreira,0,BR,1533595092,89,-30.17,-50.22,282.34,1.82
85,hay river,75,CA,1533592800,50,60.82,-115.79,298.15,2.6
86,preobrazheniye,64,RU,1533595092,67,42.9,133.91,290.19,1.07
87,sinnamary,36,GF,1533595092,96,5.38,-52.96,300.69,4.57
88,muros,75,ES,1533592800,93,42.77,-9.06,289.15,2.1
89,cape town,75,ZA,1533592800,76,-33.93,18.42,282.15,2.6
90,illintsi,20,UA,1533595093,91,49.11,29.2,289.84,1.32
91,surt,92,LY,1533595059,87,31.21,16.59,300.64,7.52
92,pyapon,100,MM,1533595093,100,16.29,95.68,297.44,6.62
93,zamora,0,ES,1533592800,38,41.51,-5.74,297.15,0.5
94,were ilu,80,ET,1533595094,91,10.6,39.43,283.79,0.62
95,nurota,0,UZ,1533592800,34,40.56,65.69,300.15,3.1
96,qaqortoq,0,GL,1533592200,51,60.72,-46.03,288.15,2.1
97,saltpond,64,GH,1533595094,81,5.2,-1.06,296.09,3.32
98,hithadhoo,44,MV,1533595095,100,-0.6,73.08,299.34,3.37
99,half moon bay,1,US,1533592800,87,37.46,-122.43,310.15,6.2
100,bull savanna,0,JM,1533595095,73,17.89,-77.59,299.74,2.67
101,grand gaube,40,MU,1533592800,64,-20.01,57.66,293.15,4.6
102,sabaudia,0,IT,1533594000,78,41.3,13.03,300.15,1.0
103,portree,88,GB,1533595095,100,57.41,-6.19,285.54,6.52
104,cap-aux-meules,40,CA,1533592800,83,47.38,-61.86,295.15,4.1
105,ponta do sol,36,BR,1533594874,97,-20.63,-46.0,288.89,1.82
106,ust-maya,68,RU,1533595096,92,60.42,134.54,287.79,1.67
107,goderich,24,CA,1533594984,83,43.74,-81.71,297.44,6.72
108,norton shores,40,US,1533593820,65,43.17,-86.26,299.15,4.6
109,tual,24,ID,1533595096,100,-5.67,132.75,297.94,4.47
110,rio grande,0,BR,1533591900,82,-32.03,-52.1,286.15,4.02
111,atar,0,MR,1533595097,42,20.52,-13.05,303.44,3.02
112,la ronge,75,CA,1533592800,42,55.1,-105.3,301.15,5.7
113,huamachuco,8,PE,1533595097,69,-7.82,-78.05,283.19,0.92
114,scalea,0,IT,1533595097,96,39.82,15.79,299.79,1.27
115,rockland,1,US,1533593700,52,42.13,-70.92,307.15,2.1
116,mandra,90,PK,1533589200,100,33.37,73.24,298.15,1.77
117,lebu,75,ET,1533592800,87,8.96,38.73,287.15,2.1
118,georgetown,75,GY,1533592800,100,6.8,-58.16,297.15,3.1
119,hambantota,20,LK,1533595099,93,6.12,81.12,300.54,8.72
120,sterling,40,US,1533593700,70,39.0,-77.4,306.15,2.1
121,dauphin,1,CA,1533592800,64,51.15,-100.04,298.15,5.1
122,salalah,75,OM,1533592200,94,17.01,54.1,298.15,2.1
123,leeton,92,AU,1533595099,88,-34.55,146.4,281.74,7.47
124,mahebourg,40,MU,1533592800,64,-20.41,57.7,293.15,4.6
125,nizhniy odes,92,RU,1533595100,98,63.64,54.86,286.94,1.12
126,ust-omchug,92,RU,1533595100,93,61.13,149.63,284.89,1.52
127,sioux lookout,90,CA,1533592800,71,50.1,-91.92,289.15,1.5
128,kattivakkam,40,IN,1533594600,62,13.22,80.32,302.15,4.1
129,kenai,75,US,1533592560,68,60.55,-151.26,292.15,7.7
130,mezen,64,RU,1533595101,82,65.85,44.24,283.59,2.62
131,hofn,88,IS,1533595101,97,64.25,-15.21,282.94,12.37
132,kedrovyy,0,RU,1533592800,100,56.17,91.82,281.15,2.52
133,koslan,80,RU,1533595101,96,63.46,48.9,287.09,1.07
134,sistranda,0,NO,1533592200,93,63.73,8.83,283.15,2.6
135,kavieng,80,PG,1533595102,100,-2.57,150.8,299.34,1.12
136,avarua,75,CK,1533592800,88,-21.21,-159.78,298.15,8.2
137,garowe,0,SO,1533595102,43,8.41,48.48,298.84,6.82
138,rio do sul,0,BR,1533595102,88,-27.22,-49.64,281.19,1.87
139,kaitangata,36,NZ,1533595102,84,-46.28,169.85,279.59,2.77
140,mutum,88,BR,1533595103,90,-19.82,-41.44,293.29,2.07
141,port keats,0,AU,1533595104,52,-14.25,129.55,295.54,8.07
142,dakar,75,SN,1533592800,78,14.69,-17.45,300.15,4.1
143,saint george,0,GR,1533592200,64,39.45,22.34,294.15,3.1
144,mercedes,0,UY,1533595107,75,-33.25,-58.03,285.79,5.62
145,pitimbu,20,BR,1533592800,83,-7.47,-34.81,297.15,3.6
146,katsuura,40,JP,1533592800,78,33.93,134.5,300.15,3.1
147,portland,75,US,1533592560,42,45.52,-122.67,304.15,4.6
148,syamzha,8,RU,1533595107,93,60.02,41.06,285.84,5.07
149,jamestown,56,AU,1533594884,100,-33.21,138.6,280.89,5.87
150,buenos aires,0,AR,1533592800,77,-34.61,-58.44,289.15,2.1
151,kremenki,40,RU,1533592800,77,54.51,48.87,292.15,1.57
152,namibe,8,AO,1533594980,100,-15.19,12.15,291.04,5.22
153,lata,56,IN,1533594931,100,30.78,78.62,287.39,0.77
154,kenora,75,CA,1533593700,67,49.76,-94.48,291.15,2.1
155,providencia,20,CO,1533592800,36,1.24,-77.6,297.15,5.1
156,gewane,56,ET,1533595109,95,10.16,40.66,292.29,2.07
157,victoria,75,BN,1533592800,94,5.28,115.24,298.15,1.0
158,teguise,20,ES,1533592800,88,29.06,-13.56,296.15,6.7
159,saint-philippe,40,CA,1533593700,55,45.36,-73.48,305.15,5.1
160,derazhnya,76,UA,1533595110,80,49.27,27.43,291.09,2.47
161,kamaishi,92,JP,1533595110,91,39.28,141.86,293.34,4.37
162,bloemfontein,0,ZA,1533592800,55,-29.12,26.22,274.15,3.92
163,ugoofaaru,48,MV,1533595110,99,5.67,73.0,301.49,7.47
164,chapais,1,CA,1533592800,57,49.78,-74.86,297.15,4.1
165,kapaa,90,US,1533593160,78,22.08,-159.32,301.15,7.2
166,san,88,ML,1533595111,88,13.3,-4.9,298.44,3.47
167,port-cartier,90,CA,1533592800,88,50.03,-66.88,292.15,2.1
168,tromso,75,NO,1533594000,66,69.65,18.96,283.15,1.5
169,carnarvon,0,ZA,1533594911,87,-30.97,22.13,272.09,4.72
170,deputatskiy,0,RU,1533595111,56,69.3,139.9,282.69,2.47
171,fortuna,0,ES,1533592800,78,38.18,-1.13,301.15,1.0
172,butaritari,92,KI,1533595112,100,3.07,172.79,300.94,0.77
173,adrar,0,DZ,1533592800,13,27.87,-0.29,309.15,3.6
174,bambous virieux,40,MU,1533592800,64,-20.34,57.76,293.15,4.6
175,simao,92,CN,1533595112,99,22.76,100.79,292.84,1.22
176,moussoro,0,TD,1533595112,95,13.64,16.49,296.19,2.97
177,benguela,0,AO,1533595113,100,-12.58,13.4,291.14,2.12
178,coahuayana,48,MX,1533595113,58,18.62,-100.35,298.74,1.07
179,kutum,80,SD,1533595113,98,14.2,24.66,291.19,1.77
180,saint-pierre,0,FR,1533594600,33,48.95,4.24,297.15,1.5
181,lavrentiya,48,RU,1533595114,100,65.58,-170.99,280.29,2.07
182,atasu,92,KZ,1533595114,98,48.68,71.64,290.44,0.27
183,pangody,68,RU,1533595114,69,65.85,74.49,285.79,6.92
184,butka,20,RU,1533595114,92,56.72,63.78,290.09,3.07
185,antakya,0,TR,1533592200,65,36.22,36.17,300.15,7.2
186,cherskiy,44,RU,1533594913,61,68.75,161.3,282.14,2.12
187,faanui,0,PF,1533595115,100,-16.48,-151.75,299.99,5.92
188,nichlaul,44,IN,1533595115,89,27.32,83.73,295.74,1.07
189,udachnyy,64,RU,1533595115,60,66.42,112.4,287.49,1.47
190,buraydah,0,SA,1533592800,23,26.33,43.97,307.15,3.1
191,rocha,0,UY,1533595113,86,-34.48,-54.34,282.39,3.67
192,severo-kurilsk,20,RU,1533595116,92,50.68,156.12,286.54,0.62
193,torbay,90,CA,1533592800,87,47.66,-52.73,287.15,5.7
194,pedro ii,56,BR,1533595116,80,-4.43,-41.45,296.24,0.97
195,saint-augustin,0,FR,1533592800,54,44.83,-0.61,300.15,1.5
196,manta,32,RO,1533594961,85,45.1,24.1,291.79,1.47
197,cayenne,0,GF,1533592800,94,4.94,-52.33,298.15,1.0
198,touros,92,BR,1533595116,90,-5.2,-35.46,297.64,6.42
199,saskylakh,0,RU,1533595117,75,71.97,114.09,288.59,3.72
200,cabo san lucas,5,MX,1533592500,48,22.89,-109.91,304.15,3.6
201,yellowknife,75,CA,1533592800,82,62.45,-114.38,291.15,3.1
202,longyearbyen,20,NO,1533592200,65,78.22,15.63,281.15,5.1
203,guerrero negro,0,MX,1533595117,47,27.97,-114.04,301.69,4.47
204,iqaluit,90,CA,1533592800,93,63.75,-68.52,278.15,2.1
205,dahanu,100,IN,1533595117,100,19.97,72.73,299.34,8.92
206,maceio,20,BR,1533592800,78,-9.67,-35.74,297.15,2.1
207,tautira,40,PF,1533592800,66,-17.73,-149.15,303.15,5.1
208,charlottesville,40,US,1533593700,74,38.03,-78.48,306.15,1.02
209,padang,32,ID,1533594987,100,-0.92,100.36,297.44,2.52
210,komsomolskiy,80,RU,1533595118,81,67.55,63.78,284.14,5.57
211,acajutla,20,SV,1533592200,63,13.59,-89.83,306.15,2.6
212,moa,8,CU,1533595120,71,20.66,-74.95,299.54,2.92
213,dolgoye,8,RU,1533595122,76,52.06,37.53,290.59,1.67
214,rolleston,8,NZ,1533594600,93,-43.6,172.38,282.15,5.7
215,alofi,40,NU,1533592800,64,-19.06,-169.92,297.15,5.7
216,hauterive,0,FR,1533594600,57,46.09,3.45,299.15,6.2
217,santa rosa,80,AR,1533595125,45,-36.62,-64.29,289.69,5.12
218,madhubani,48,IN,1533594922,93,26.36,86.07,297.99,1.27
219,moindou,0,NC,1533592800,68,-21.69,165.68,292.15,1.27
220,jieznas,20,LT,1533594000,82,54.6,24.18,288.15,2.6
221,srednekolymsk,0,RU,1533595125,62,67.46,153.71,284.09,1.77
222,arraial do cabo,75,BR,1533592800,88,-22.97,-42.02,292.15,5.7
223,mandali,0,IQ,1533595126,23,33.75,45.55,302.84,4.27
224,akdepe,0,TM,1533592800,53,42.05,59.39,298.15,3.1
225,kamenka,88,RU,1533595126,52,53.19,44.05,295.44,2.32
226,klaksvik,48,FO,1533594000,93,62.23,-6.59,284.15,5.7
227,kidal,32,ML,1533595126,73,18.44,1.41,298.59,1.27
228,malindi,8,KE,1533595127,88,-3.22,40.12,296.94,5.47
229,terney,0,RU,1533595127,79,45.05,136.61,292.69,0.97
230,mishan,0,CN,1533595127,74,45.55,131.88,295.29,2.77
231,bama,80,CN,1533595127,97,24.14,107.25,297.04,1.62
232,novyy nekouz,64,RU,1533595128,79,57.91,38.06,287.94,4.37
233,alta floresta,20,BR,1533589200,38,-9.87,-56.08,306.15,1.5
234,iquique,20,CL,1533592800,77,-20.22,-70.14,288.15,5.7
235,tulun,88,RU,1533595128,94,54.56,100.58,283.89,1.47
236,aden,0,YE,1533595128,92,12.79,45.03,301.04,3.62
237,araguaina,68,BR,1533595004,38,-7.19,-48.21,302.29,2.12
238,usinsk,92,RU,1533595129,100,66.0,57.56,284.94,1.67
239,guaruja,90,BR,1533592800,93,-23.99,-46.26,288.15,0.5
240,tezu,36,IN,1533594900,89,27.93,96.16,294.09,0.77
241,lompoc,1,US,1533592560,47,34.64,-120.46,310.15,7.7
242,jiangyou,76,CN,1533595129,95,31.78,104.73,295.84,1.77
243,bowen,90,AU,1533592800,88,-20.01,148.25,295.15,2.1
244,castro,88,CL,1533594939,100,-42.48,-73.76,279.54,2.97
245,new norfolk,40,AU,1533592800,70,-42.78,147.06,280.15,4.1
246,vila velha,0,BR,1533592800,78,-3.71,-38.6,299.15,2.6
247,panzhihua,88,CN,1533595130,85,26.59,101.72,291.94,0.77
248,kimbe,88,PG,1533594885,100,-5.56,150.15,299.49,2.87
249,changying,92,CN,1533595130,100,52.87,123.32,287.39,2.37
250,puerto escondido,90,MX,1533591660,70,15.86,-97.07,302.15,0.92
251,bom jesus da lapa,36,BR,1533595131,41,-13.25,-43.41,300.04,5.02
252,port macquarie,0,AU,1533592800,71,-31.43,152.91,283.15,2.87
253,lugoba,0,TZ,1533595131,94,-6.46,38.33,291.09,0.97
254,norman wells,75,CA,1533592800,82,65.28,-126.83,289.15,6.2
255,tarauaca,90,BR,1533589200,83,-8.16,-70.77,295.15,2.1
256,kisangani,68,CD,1533595132,95,0.52,25.21,295.44,1.37
257,vila franca do campo,75,PT,1533592800,68,37.72,-25.43,294.15,3.6
258,kaeo,32,NZ,1533595132,93,-35.1,173.78,287.34,1.67
259,kells,75,IE,1533592800,88,53.73,-6.88,290.15,2.6
260,miquelon,90,PM,1533592800,100,47.1,-56.38,288.15,2.1
261,kandrian,68,PG,1533595133,91,-6.21,149.55,298.84,2.87
262,rio gallegos,75,AR,1533592800,93,-51.62,-69.22,275.15,2.1
263,te anau,92,NZ,1533595133,80,-45.41,167.72,276.79,2.67
264,dormidontovka,12,RU,1533595133,76,47.77,134.91,297.94,2.02
265,mindelo,75,PT,1533592800,82,41.31,-8.72,293.15,0.5
266,kortkeros,20,RU,1533592800,93,61.81,51.56,287.15,2.0
267,ankpa,88,NG,1533595134,97,7.37,7.63,295.04,2.57
268,minab,40,IR,1533592800,79,27.15,57.07,306.15,2.1
269,coquimbo,75,CL,1533592800,93,-29.95,-71.34,285.15,4.6
270,akcakoca,0,TR,1533595134,89,41.09,31.12,288.59,0.72
271,ponta delgada,75,PT,1533592800,68,37.73,-25.67,294.15,3.6
272,tacna,40,PE,1533592800,77,-18.01,-70.25,289.15,3.6
273,eureka,75,US,1533592500,82,40.8,-124.16,291.15,2.62
274,lixourion,0,GR,1533592200,69,38.2,20.43,298.15,3.62
275,vredendal,76,ZA,1533595139,99,-31.68,18.49,281.94,5.02
276,sao filipe,12,CV,1533595139,100,14.9,-24.5,298.04,4.57
277,sumbe,64,AO,1533595139,100,-11.2,13.84,292.29,0.82
278,turukhansk,100,RU,1533595139,92,65.8,87.96,282.74,2.27
279,pangnirtung,90,CA,1533592800,93,66.15,-65.72,280.15,6.7
280,zhicheng,0,CN,1533595139,94,35.04,112.59,301.59,0.97
281,virginia beach,75,US,1533594480,65,36.85,-75.98,305.15,1.5
282,ak-dovurak,76,RU,1533595140,93,51.17,90.6,282.94,0.42
283,tanete,48,ID,1533595140,75,-3.94,119.78,299.29,3.92
284,kargasok,12,RU,1533595140,86,59.06,80.87,281.79,2.12
285,chokurdakh,0,RU,1533594953,93,70.62,147.9,276.84,4.22
286,san cristobal,40,EC,1533592800,59,-0.39,-78.55,290.15,10.8
287,leninsk-kuznetskiy,0,RU,1533592800,100,54.66,86.17,280.15,3.0
288,mian channun,0,PK,1533595141,70,30.44,72.35,301.29,2.52
289,rayong,75,TH,1533592800,74,12.68,101.28,301.15,2.1
290,dawson creek,1,CA,1533592800,27,55.76,-120.23,299.15,11.8
291,itarema,0,BR,1533595142,79,-2.92,-39.92,298.79,7.52
292,egvekinot,92,RU,1533595142,72,66.32,-179.17,284.34,0.97
293,imbituba,0,BR,1533592800,87,-28.24,-48.67,286.15,1.5
294,vardo,40,US,1533593700,62,39.62,-77.74,307.15,1.17
295,kruisfontein,0,ZA,1533594950,83,-34.0,24.73,285.89,7.27
296,senanga,0,ZM,1533595143,60,-16.1,23.3,288.19,1.97
297,suntar,8,RU,1533595143,77,62.16,117.65,289.79,1.67
298,alvaraes,75,BR,1533592800,88,-3.22,-64.8,299.15,1.17
299,minbu,88,MM,1533595143,100,20.18,94.88,297.29,4.27
300,pevek,24,RU,1533594888,100,69.7,170.27,278.04,3.82
301,jumla,92,NP,1533595143,94,29.28,82.18,276.94,1.17
302,mitu,0,IR,1533595144,66,36.2,46.09,286.54,0.62
303,anuradhapura,24,LK,1533595144,77,8.34,80.41,298.79,8.42
304,bria,80,CF,1533595144,85,6.54,21.99,295.79,0.97
305,fukue,75,JP,1533593100,83,35.03,136.69,300.15,5.1
306,fuerte olimpo,56,BR,1533595144,86,-21.04,-57.87,292.64,2.02
307,qasigiannguit,75,GL,1533592200,65,68.82,-51.19,281.15,1.0
308,plerin,0,FR,1533594600,93,48.54,-2.78,291.15,1.5
309,kodinsk,64,RU,1533594912,68,58.6,99.18,285.59,1.32
310,malm,0,NO,1533594000,87,64.07,11.22,283.15,3.6
311,axim,20,GH,1533594949,100,4.87,-2.24,297.94,5.37
312,mount gambier,88,AU,1533595145,87,-37.83,140.78,282.79,3.22
313,paamiut,0,GL,1533595145,88,61.99,-49.67,280.19,7.92
314,siuna,80,NI,1533595145,88,13.73,-84.78,298.29,1.67
315,fairbanks,90,US,1533592680,87,64.84,-147.72,287.15,4.1
316,evensk,100,RU,1533595146,100,61.92,159.24,283.94,2.57
317,leningradskiy,64,RU,1533594916,100,69.38,178.42,274.84,4.37
318,antofagasta,90,CL,1533592800,76,-23.65,-70.4,287.15,3.6
319,lazaro cardenas,40,MX,1533591840,25,28.39,-105.62,305.15,7.7
320,coihaique,40,CL,1533592800,81,-45.58,-72.07,280.15,2.1
321,ocampo,88,PH,1533595147,91,13.56,123.37,300.64,6.17
322,yulara,0,AU,1533592800,74,-25.24,130.99,272.15,1.5
323,saint anthony,1,US,1533592560,14,43.97,-111.68,302.15,2.1
324,karaton,20,ID,1533594600,69,-6.34,106.1,299.15,1.5
325,slavyanka,92,RU,1533595147,100,42.86,131.39,294.34,6.92
326,edea,75,CM,1533592800,94,3.8,10.13,297.15,1.0
327,inirida,36,CO,1533595148,94,3.87,-67.92,296.49,0.57
328,porosozero,76,RU,1533595148,98,62.72,32.71,285.24,3.72
329,nassau,0,DE,1533594000,40,51.17,13.51,294.15,2.1
330,puerto del rosario,20,ES,1533592800,83,28.5,-13.86,297.15,7.2
331,pedernales,56,EC,1533595148,88,0.07,-80.05,296.94,1.77
332,ikongo,0,MG,1533595149,84,-21.88,47.44,283.49,1.42
333,baherden,0,TM,1533595149,53,38.44,57.43,296.44,1.42
334,juneau,90,US,1533592560,93,58.3,-134.42,291.15,1.5
335,bisira,56,PA,1533595149,90,8.52,-81.71,296.34,0.72
336,port-gentil,75,GA,1533592800,88,-0.72,8.78,297.15,3.6
337,epe,0,DE,1533594000,63,52.18,7.04,292.15,1.0
338,villa guerrero,92,MX,1533595150,92,21.98,-103.59,290.94,1.17
339,noumea,0,NC,1533592800,68,-22.28,166.46,292.15,1.42
340,ancud,80,CL,1533595150,97,-41.87,-73.83,280.19,2.82
341,witu,44,KE,1533595150,83,-2.39,40.44,295.84,3.52
342,ternate,75,PH,1533592800,100,14.29,120.72,299.15,0.5
343,okhotsk,68,RU,1533595154,100,59.36,143.24,287.09,4.32
344,havre-saint-pierre,75,CA,1533592800,93,50.23,-63.6,292.15,3.6
345,ambilobe,0,MG,1533595154,86,-13.19,49.05,289.54,2.27
346,puerto colombia,40,CO,1533592800,79,10.99,-74.96,303.15,6.2
347,awbari,36,LY,1533595045,14,26.59,12.77,304.79,3.42
348,kjollefjord,92,NO,1533595155,100,70.95,27.35,281.44,8.17
349,bathsheba,20,BB,1533592800,78,13.22,-59.52,301.15,7.7
350,vanimo,88,PG,1533595155,100,-2.67,141.3,300.94,4.97
351,cacule,0,BR,1533595156,59,-14.5,-42.22,296.59,5.07
352,santiago,90,CL,1533592800,47,-33.44,-70.65,288.15,0.92
353,bima,12,ID,1533595156,88,-8.45,118.73,297.09,1.87
354,bambanglipuro,0,ID,1533595156,91,-7.95,110.28,292.04,1.07
355,anadyr,75,RU,1533592800,76,64.73,177.51,287.15,2.0
356,aksu,75,KZ,1533592800,67,52.04,76.93,289.15,1.0
357,shakawe,0,BW,1533595157,53,-18.36,21.84,289.19,1.32
358,sindor,68,RU,1533595157,97,62.87,51.9,288.29,3.22
359,marshfield,1,US,1533593700,52,42.09,-70.71,307.15,2.1
360,tasiilaq,20,GL,1533592200,70,65.61,-37.64,280.15,9.3
361,makakilo city,40,US,1533592620,43,21.35,-158.09,305.15,5.1
362,belmonte,0,PT,1533595158,69,40.36,-7.35,292.34,1.12
363,chicama,90,PE,1533592800,82,-7.84,-79.15,291.15,4.1
364,aruppukkottai,20,IN,1533589200,54,9.51,78.1,302.15,2.1
365,pochutla,90,MX,1533591660,70,15.74,-96.47,302.15,2.77
366,palamos,20,ES,1533592800,94,41.85,3.13,298.15,2.6
367,george town,75,MY,1533592800,94,5.42,100.33,300.15,0.5
368,bestobe,92,KZ,1533595159,90,52.5,73.1,290.99,4.87
369,hals,8,AT,1533594000,56,48.59,13.46,296.15,1.5
370,cortez,1,US,1533592380,6,37.35,-108.58,308.15,5.7
371,jabinyanah,20,TN,1533592800,83,35.03,10.91,298.15,3.1
372,scarborough,88,GB,1533592200,82,54.28,-0.41,291.15,1.5
373,isangel,0,VU,1533595160,100,-19.55,169.27,295.39,4.97
374,taltal,0,CL,1533595161,95,-25.41,-70.49,285.44,1.12
375,yanam,92,IN,1533595161,85,16.73,82.22,298.94,7.27
376,cardston,1,CA,1533592800,22,49.2,-113.32,305.15,9.8
377,port lincoln,76,AU,1533595161,93,-34.72,135.86,286.69,8.37
378,hasaki,75,JP,1533592800,94,35.73,140.83,296.15,7.2
379,koulamoutou,92,GA,1533595161,100,-1.13,12.47,293.29,1.07
380,mayumba,92,GA,1533595162,96,-3.44,10.65,293.94,1.72
381,areosa,75,PT,1533594600,88,41.72,-8.86,292.15,5.82
382,nyurba,0,RU,1533595033,73,63.29,118.35,289.84,1.67
383,angoram,20,PG,1533595162,87,-4.06,144.07,299.64,1.22
384,matamoros,1,US,1533592380,49,25.87,-97.51,307.15,6.2
385,tiznit,0,MA,1533595162,91,29.7,-9.73,294.24,1.42
386,malanje,0,AO,1533595163,92,-9.54,16.35,289.34,2.07
387,cutervo,76,PE,1533595163,72,-6.38,-78.82,286.59,0.87
388,high prairie,88,CA,1533595163,47,55.43,-116.48,296.04,4.92
389,bayshore gardens,75,US,1533593700,74,27.43,-82.59,305.15,7.7
390,fare,0,PF,1533595163,96,-16.7,-151.02,300.19,5.42
391,san quintin,20,PH,1533592800,94,17.54,120.52,298.15,1.0
392,pucallpa,75,PE,1533592800,94,-8.38,-74.54,295.15,4.6
393,talnakh,12,RU,1533595164,88,69.49,88.39,281.84,2.52
394,singleton,0,AU,1533592800,50,-32.57,151.17,285.15,11.3
395,chumikan,0,RU,1533595164,74,54.72,135.31,289.09,1.27
396,oranjestad,20,AW,1533592800,70,12.52,-70.03,303.15,11.3
397,muroto,20,JP,1533592800,74,33.37,134.14,302.15,1.5
398,zhigansk,0,RU,1533595165,65,66.77,123.37,289.74,1.52
399,yuxia,76,CN,1533592800,78,34.06,108.63,300.15,2.0
400,broome,0,GB,1533594000,68,52.47,1.45,295.15,2.6
401,brigantine,1,US,1533592560,62,39.41,-74.36,306.15,5.1
402,halifax,75,CA,1533592800,65,44.65,-63.58,301.15,4.1
403,avera,1,US,1533592500,78,33.19,-82.53,308.15,2.1
404,tarko-sale,76,RU,1533594888,88,64.92,77.78,283.84,5.27
405,alta gracia,0,AR,1533592800,42,-31.66,-64.43,292.15,6.7
406,shubarshi,12,KZ,1533595166,66,48.59,57.19,293.29,2.32
407,iaciara,0,BR,1533595166,46,-14.1,-46.63,298.49,3.12
408,zonguldak,0,TR,1533595168,91,41.25,31.83,293.44,0.97
409,kualakapuas,8,ID,1533589200,94,-3.01,114.39,296.15,1.0
410,rio verde de mato grosso,80,BR,1533595170,94,-18.92,-54.84,290.34,1.32
411,contai,68,IN,1533595170,100,21.78,87.75,299.19,1.77
412,hamilton,75,CA,1533592800,83,43.26,-79.87,301.15,3.6
413,emerald,56,AU,1533595171,27,-23.53,148.16,290.34,5.12
414,la rioja,0,AR,1533595171,74,-29.41,-66.86,286.14,2.97
415,dongsheng,0,CN,1533595171,81,29.72,112.52,302.19,2.97
416,waingapu,0,ID,1533595172,80,-9.65,120.26,296.49,3.27
417,taoudenni,8,ML,1533595172,23,22.68,-3.98,305.64,3.12
418,batesville,20,US,1533592560,69,35.77,-91.64,304.15,4.1
419,fremont,1,US,1533592800,32,37.55,-121.99,310.15,6.7
420,ponnani,75,IN,1533592800,83,10.77,75.93,297.15,2.1
421,christchurch,0,NZ,1533594600,93,-43.53,172.64,282.15,5.7
422,sharanga,8,RU,1533595173,81,57.18,46.54,288.99,3.22
423,havoysund,75,NO,1533594000,81,71.0,24.66,281.15,4.1
424,cootamundra,92,AU,1533595173,98,-34.64,148.03,279.19,6.82
425,panlaitan,92,PH,1533595173,100,12.12,119.85,299.59,9.97
426,linjiang,92,CN,1533595173,92,41.81,126.91,295.69,2.32
427,swinoujscie,0,PL,1533594600,68,53.91,14.25,291.15,3.1
428,suicheng,0,CN,1533595174,87,33.9,117.93,303.34,2.57
429,grindavik,20,IS,1533592800,76,63.84,-22.43,283.15,9.8
430,porto novo,75,BR,1533592800,93,-23.68,-45.44,288.15,1.0
431,salo,0,FI,1533594000,71,60.38,23.13,287.15,2.1
432,gazojak,0,TM,1533595174,71,41.19,61.4,296.49,3.77
433,juegang,0,CN,1533595175,94,32.31,121.18,302.44,4.02
434,kamuli,64,UG,1533595175,98,0.94,33.12,291.79,1.37
435,vigeland,20,NO,1533594000,100,58.46,8.52,288.15,2.1
436,vao,88,EE,1533595175,64,59.1,26.19,289.84,4.67
437,muisne,68,EC,1533595176,77,0.61,-80.02,298.79,2.22
438,rodrigues alves,90,BR,1533592800,83,-7.74,-72.65,296.15,2.1
439,iskateley,0,RU,1533595176,96,67.68,53.15,279.94,2.52
440,duncan,40,US,1533593700,32,34.5,-97.96,311.15,7.2
441,kavaratti,76,IN,1533594983,99,10.57,72.64,300.69,10.67
442,lasa,40,CY,1533594600,83,34.92,32.53,300.15,2.1
443,shieli,0,KZ,1533595177,85,44.18,66.74,292.29,2.97
444,najran,40,SA,1533592800,23,17.54,44.22,304.15,1.97
445,bartica,75,GY,1533592800,100,6.41,-58.62,297.15,3.1
446,camaqua,0,BR,1533595177,93,-30.85,-51.81,282.59,2.52
447,drayton valley,44,CA,1533595177,49,53.22,-114.98,298.84,3.77
448,miraflores,12,CO,1533595178,79,5.2,-73.14,285.34,0.87
449,ongandjera,24,NA,1533595178,40,-17.88,15.07,289.39,4.32
450,urdoma,88,RU,1533595178,97,61.74,48.55,288.04,2.62
451,chifeng,88,CN,1533595178,100,42.27,118.96,290.94,1.62
452,seguela,48,CI,1533595178,81,7.96,-6.67,297.29,3.72
453,khao wong,8,TH,1533595179,97,16.69,104.09,297.29,2.07
454,anjangaon,92,IN,1533595179,97,21.16,77.31,296.09,4.22
455,jambi,48,ID,1533595179,79,-1.6,103.62,297.54,2.12
456,kununurra,0,AU,1533592800,14,-15.77,128.74,291.15,2.6
457,bethel,90,US,1533592380,93,60.79,-161.76,287.15,4.6
458,naze,75,NG,1533592800,94,5.43,7.07,297.15,2.6
459,ostrovnoy,36,RU,1533595019,86,68.05,39.51,280.79,4.82
460,villa maria,75,CO,1533592800,42,4.5,-74.09,303.15,4.1
461,dickinson,75,US,1533593940,41,46.88,-102.79,299.15,5.1
462,tauramena,36,CO,1533595180,98,5.01,-72.75,297.49,0.87
463,kamra,90,PK,1533589200,100,33.86,72.39,298.15,3.32
464,moultonborough,1,US,1533593700,55,43.76,-71.4,306.15,2.07
465,luderitz,0,NA,1533595181,88,-26.65,15.16,283.24,3.37
466,pitkyaranta,0,RU,1533595181,88,61.57,31.48,285.84,5.62
467,aleksandrovsk-sakhalinskiy,44,RU,1533595181,76,50.9,142.16,292.04,6.77
468,yavatmal,92,IN,1533595181,94,20.39,78.13,296.39,5.22
469,hobyo,20,SO,1533595181,82,5.35,48.53,296.64,7.92
470,rodnykove,0,UA,1533595181,90,47.68,37.95,291.84,1.22
471,whitianga,24,NZ,1533595182,100,-36.83,175.7,287.44,1.37
472,port blair,76,IN,1533594952,100,11.67,92.75,300.34,11.97
473,bubaque,20,GW,1533592800,88,11.28,-15.83,299.15,2.1
474,aasiaat,88,GL,1533595182,83,68.71,-52.87,281.54,3.82
475,sungaipenuh,48,ID,1533595182,96,-2.08,101.38,291.39,0.67
476,henties bay,0,NA,1533595182,100,-22.12,14.28,285.19,3.92
477,san andres,80,PH,1533595183,100,13.32,122.68,299.69,12.42
478,bianzhuang,92,CN,1533595186,100,39.44,112.12,293.34,1.62
479,salta,0,AR,1533592800,39,-24.79,-65.41,291.15,4.1
480,vila,75,IT,1533594000,88,45.18,8.4,297.15,6.7
481,nabire,32,ID,1533595187,87,-3.36,135.5,296.74,0.62
482,weatherford,40,US,1533593700,25,32.76,-97.8,311.15,5.1
483,kahului,40,US,1533593340,52,20.89,-156.47,304.15,9.8
484,codrington,0,AU,1533594994,62,-28.95,153.24,287.84,1.67
485,slonim,0,BY,1533595187,79,53.09,25.32,289.59,3.52
486,deer lake,75,CA,1533592800,73,49.18,-57.43,297.15,4.1
487,gat,40,SN,1533592800,74,14.69,-16.54,301.15,3.1
488,mugur-aksy,76,RU,1533595188,94,50.38,90.44,278.49,0.97
489,kohat,76,PK,1533595188,97,33.6,71.44,295.69,1.07
490,roebourne,0,AU,1533595188,26,-20.77,117.15,285.79,6.12
491,puerto el triunfo,20,SV,1533592200,62,13.27,-88.55,305.15,3.1
492,lagunillas,40,VE,1533592800,66,8.5,-71.39,306.15,0.52
493,pandan,88,PH,1533595189,100,11.72,122.09,299.34,12.32
494,poum,0,MK,1533595189,89,41.28,20.71,286.29,0.67
495,takoradi,20,GH,1533595189,100,4.89,-1.75,297.34,4.57
496,sao francisco do sul,75,BR,1533592800,87,-26.24,-48.64,289.15,2.1
497,tigil,48,RU,1533595190,79,57.8,158.67,290.34,2.07
498,mokobeng,0,BW,1533595190,65,-23.0,27.67,287.79,2.72
499,parchim,75,DE,1533594000,63,53.43,11.85,292.15,1.0
500,alvorada,0,BR,1533592800,76,-30.0,-51.08,287.15,3.1
501,phek,32,IN,1533595190,86,25.7,94.46,294.44,1.32
502,pokhara,80,NP,1533595191,75,28.21,83.99,289.79,1.67
503,harper,75,US,1533593700,31,30.3,-99.24,309.15,2.1
504,astoria,1,US,1533592500,77,46.19,-123.83,293.15,3.6
505,caravelas,88,BR,1533595191,100,-17.73,-39.27,297.54,5.67
506,nome,1,US,1533593700,70,30.04,-94.42,304.15,2.62
507,dunmore town,8,BS,1533595192,100,25.5,-76.65,301.69,5.77
508,finnsnes,75,NO,1533594000,66,69.23,17.98,283.15,1.5
509,zhuanghe,36,CN,1533595192,94,39.7,122.97,302.09,4.37
510,boyuibe,0,BO,1533592800,63,-20.43,-63.28,292.15,5.1
511,san jose,92,PH,1533595192,100,15.79,120.99,295.64,1.07
512,college,90,US,1533592680,87,64.86,-147.8,287.15,4.1
513,saint-joseph,0,FR,1533594600,73,43.56,6.97,300.15,1.5
514,chimbote,0,PE,1533595052,91,-9.08,-78.59,290.09,3.77
515,skibbereen,75,IE,1533592800,87,51.55,-9.27,288.15,3.6
516,ayan,0,TR,1533595193,87,40.67,33.6,284.64,1.17
517,nuevo ideal,92,MX,1533595082,60,24.89,-105.07,292.94,3.42
518,pravia,75,ES,1533592800,100,43.49,-6.11,292.15,7.2
519,lagoa,0,PT,1533592800,69,37.14,-8.45,298.15,2.6
520,husavik,0,CA,1533595193,85,50.56,-96.99,292.84,1.92
521,pangkalanbuun,20,ID,1533595194,91,-2.68,111.62,297.04,2.92
522,bukachacha,92,RU,1533595194,98,52.99,116.91,289.29,1.52
523,vestmannaeyjar,75,IS,1533592800,100,63.44,-20.27,283.15,1.0
524,shepsi,12,RU,1533595194,93,44.04,39.15,300.99,3.32
525,yangmei,40,TW,1533592800,83,24.91,121.15,302.15,2.1
526,kolosovka,64,RU,1533595195,68,56.47,73.61,287.24,5.07
527,strelka,36,RU,1533595195,91,58.08,93.03,283.84,1.22
528,kuytun,92,RU,1533595195,94,54.34,101.51,283.94,1.52
529,baykit,36,RU,1533595195,89,61.68,96.39,280.99,1.77
530,gobabis,0,NA,1533595195,48,-22.45,18.97,284.84,4.32
531,fort saint james,64,CA,1533595196,33,54.43,-124.25,296.84,4.22
532,baghdogra,44,IN,1533595196,94,25.86,87.82,297.99,1.32
533,ayagoz,20,KZ,1533595196,37,47.96,80.43,290.49,3.92
534,soyo,24,AO,1533595196,98,-6.13,12.37,291.74,1.67
535,pirovskoye,24,RU,1533595196,86,57.63,92.27,282.99,1.17
536,stralsund,75,DE,1533594000,63,54.31,13.08,292.15,1.0
537,shizunai,0,JP,1533595197,87,42.33,142.37,292.04,0.87
538,contamana,92,PE,1533595197,84,-7.35,-75.01,298.29,1.07
539,thunder bay,90,CA,1533592800,68,48.41,-89.26,293.15,3.6
540,araouane,64,ML,1533595197,58,18.9,-3.53,301.09,3.27
541,folldal,0,NO,1533595197,86,62.14,10.0,275.84,1.07
542,mapastepec,20,MX,1533595198,91,15.44,-92.9,298.54,1.07
543,stephenville,1,US,1533593700,26,32.22,-98.2,311.15,4.77
544,jaranwala,36,PK,1533595198,89,31.33,73.42,300.44,1.52
545,campos altos,64,BR,1533595198,97,-19.7,-46.17,288.74,1.97
546,tuatapere,92,NZ,1533595198,100,-46.13,167.69,281.29,5.12
547,port victoria,92,AU,1533595198,93,-34.5,137.49,285.39,7.97
548,flinders,20,AU,1533594600,50,-34.58,150.85,284.15,9.3
549,kupang,75,ID,1533592800,88,-10.16,123.6,297.15,3.6
550,mezhdurechenskiy,12,RU,1533595202,89,59.59,65.91,286.14,1.92
551,ishigaki,20,JP,1533592800,88,24.34,124.16,300.15,2.1
552,severo-yeniseyskiy,92,RU,1533595203,95,60.37,93.04,282.34,1.32
553,valmiera,24,LV,1533595203,65,57.54,25.42,288.94,3.27
554,yichang,56,CN,1533595203,96,30.77,111.32,299.84,1.67
555,saint-leu,20,RE,1533592800,55,-21.15,55.28,293.15,3.6
556,mountain home,1,US,1533592380,13,43.13,-115.69,306.15,4.1
557,hirara,20,JP,1533592800,88,24.8,125.28,300.15,2.1
558,south lake tahoe,1,US,1533593700,5,38.93,-119.98,306.15,0.67
559,yatou,75,CM,1533592800,94,3.63,9.81,297.15,1.0
560,lumphat,92,KH,1533595204,99,13.5,106.97,295.49,1.22
561,trincomalee,24,LK,1533595204,75,8.58,81.23,299.24,8.87
562,vilyuysk,0,RU,1533595204,78,63.75,121.63,290.44,1.62
563,shingu,88,JP,1533595205,96,33.72,135.99,300.99,5.47
564,sterlibashevo,56,RU,1533595205,77,53.44,55.26,290.94,1.32
565,fereydun kenar,75,IR,1533592800,83,36.69,52.52,301.15,1.0
566,loa janan,0,ID,1533595205,87,-0.58,117.09,299.59,1.32
567,bodden town,40,KY,1533592800,79,19.28,-81.25,303.15,8.2
568,sorland,48,NO,1533595134,100,67.67,12.69,285.39,3.27
569,pizhanka,12,RU,1533595206,85,57.46,48.54,288.54,3.47
570,mvomero,5,TZ,1533592800,93,-6.3,37.45,291.15,1.57
571,sept-iles,90,CA,1533592800,88,50.2,-66.38,292.15,2.1
572,ahuimanu,75,US,1533592620,58,21.44,-157.84,305.15,5.7
573,san antonio,90,CL,1533592800,93,-33.58,-71.61,284.15,2.6
574,vanavara,68,RU,1533595207,62,60.35,102.28,285.54,1.67
575,barranca,20,PE,1533595208,100,-10.75,-77.76,289.29,5.47
576,lamu,80,ID,1533595208,83,0.57,122.3,298.74,2.17
577,ruteng,12,ID,1533595208,96,-8.61,120.46,294.14,1.77
578,broken hill,0,AU,1533594921,69,-31.97,141.45,283.94,5.62
579,sadovoye,0,RU,1533595208,65,47.78,44.52,294.04,1.67
580,linares,92,CL,1533595209,95,-35.85,-71.6,279.04,3.72
581,rutana,8,BI,1533595209,80,-3.93,29.99,287.39,0.87
582,lima,12,PE,1533595058,77,-12.06,-77.04,288.64,0.87
583,storforshei,92,NO,1533595209,97,66.4,14.52,280.09,0.77
584,negombo,20,LK,1533593400,88,7.21,79.83,299.15,4.6
